-- En Supabase `pgcrypto` suele venir disponible por defecto.
-- Si tu proyecto no lo tiene habilitado, actívalo desde Database > Extensions.

do $$
begin
  if not exists (select 1 from pg_type where typname = 'app_role') then
    create type public.app_role as enum ('admin', 'pastor', 'multiplicador');
  end if;
  if not exists (select 1 from pg_type where typname = 'publication_format') then
    create type public.publication_format as enum ('texto', 'imagen', 'video', 'carrusel');
  end if;
  if not exists (select 1 from pg_type where typname = 'mission_type') then
    create type public.mission_type as enum ('daily', 'weekly', 'special');
  end if;
end $$;

create table if not exists public.regions (
  id text primary key,
  name text not null,
  color text not null default '#1A237E'
);

create table if not exists public.districts (
  id text primary key,
  region_id text not null references public.regions(id) on delete cascade,
  name text not null
);

create table if not exists public.coordinations (
  id text primary key,
  name text not null,
  icon text not null,
  color text not null default '#1A237E',
  members_count integer not null default 0,
  active boolean not null default true
);

create table if not exists public.congregations (
  id bigint generated by default as identity primary key,
  region_id text references public.regions(id) on delete set null,
  district_id text references public.districts(id) on delete set null,
  nombre text not null,
  direccion text,
  latitud numeric(10, 6),
  longitud numeric(10, 6),
  descripcion text,
  redes_sociales jsonb not null default '{}'::jsonb,
  es_punto_blanco boolean not null default false,
  portada_url text
);

create table if not exists public.badges (
  id text primary key,
  name text not null,
  icon text not null,
  description text not null,
  xp integer not null default 0,
  color text not null default '#D4AF37',
  created_at timestamptz not null default now()
);

create table if not exists public.missions (
  id uuid primary key default gen_random_uuid(),
  type public.mission_type not null,
  title text not null,
  description text not null,
  xp_reward integer not null default 50,
  goal integer not null default 1,
  unit text not null default 'acciones',
  icon text not null default 'Target',
  default_status text not null default 'pending' check (default_status in ('pending', 'in_progress', 'locked', 'completed')),
  default_progress integer not null default 0,
  active boolean not null default true,
  order_index integer not null default 0,
  created_at timestamptz not null default now()
);

create table if not exists public.profiles (
  id uuid primary key references auth.users(id) on delete cascade,
  nombre text,
  nombre_completo text not null,
  email text not null unique,
  rol public.app_role not null default 'multiplicador',
  region_id text references public.regions(id) on delete set null,
  district_id text references public.districts(id) on delete set null,
  congregacion_id bigint references public.congregations(id) on delete set null,
  congregacion text,
  cargo text,
  celular text,
  whatsapp text,
  fecha_cumpleanos date,
  avatar text,
  avatar_color text not null default '#1A237E',
  avatar_url text,
  foto_perfil_url text,
  foto_portada_url text,
  cuenta_activa boolean not null default true,
  xp integer not null default 0 check (xp >= 0),
  level integer generated always as (least(greatest((xp / 500) + 1, 1), 10)) stored,
  streak integer not null default 0,
  mostrar_celular boolean not null default false,
  mostrar_cumpleanos boolean not null default false,
  mostrar_congregacion boolean not null default true,
  mostrar_email boolean not null default false,
  mostrar_distrito boolean not null default true,
  created_at timestamptz not null default now(),
  updated_at timestamptz not null default now()
);

create table if not exists public.profile_badges (
  profile_id uuid not null references public.profiles(id) on delete cascade,
  badge_id text not null references public.badges(id) on delete cascade,
  earned_at timestamptz not null default now(),
  primary key (profile_id, badge_id)
);

create table if not exists public.publications (
  id bigint generated by default as identity primary key,
  author_profile_id uuid references public.profiles(id) on delete set null,
  coordination_id text references public.coordinations(id) on delete set null,
  title text not null,
  description text not null,
  category text not null,
  format public.publication_format not null default 'texto',
  featured boolean not null default false,
  xp_reward integer not null default 50,
  shares_count integer not null default 0,
  likes_count integer not null default 0,
  copy_text text not null,
  media_url text,
  source_url text,
  source_platform text not null default 'manual' check (source_platform in ('facebook', 'instagram', 'manual')),
  active boolean not null default true,
  is_official boolean not null default true,
  created_at timestamptz not null default now(),
  published_at timestamptz not null default now()
);

alter table public.publications add column if not exists source_url text;
alter table public.publications add column if not exists source_platform text not null default 'manual';

do $$
begin
  if not exists (
    select 1
    from pg_constraint
    where conname = 'publications_source_platform_check'
      and conrelid = 'public.publications'::regclass
  ) then
    alter table public.publications
      add constraint publications_source_platform_check
      check (source_platform in ('facebook', 'instagram', 'manual'));
  end if;
end $$;

create table if not exists public.shares (
  id uuid primary key default gen_random_uuid(),
  publication_id bigint not null references public.publications(id) on delete cascade,
  user_id uuid not null references public.profiles(id) on delete cascade,
  social_network text not null default 'whatsapp',
  created_at timestamptz not null default now(),
  unique (publication_id, user_id)
);

create table if not exists public.reactions (
  id uuid primary key default gen_random_uuid(),
  publication_id bigint not null references public.publications(id) on delete cascade,
  user_id uuid not null references public.profiles(id) on delete cascade,
  type text not null default 'like',
  created_at timestamptz not null default now(),
  unique (publication_id, user_id, type)
);

create table if not exists public.comments (
  id uuid primary key default gen_random_uuid(),
  publication_id bigint not null references public.publications(id) on delete cascade,
  user_id uuid references public.profiles(id) on delete set null,
  contenido text not null,
  created_at timestamptz not null default now()
);

create table if not exists public.followers (
  id uuid primary key default gen_random_uuid(),
  follower_id uuid not null references public.profiles(id) on delete cascade,
  followed_id uuid not null references public.profiles(id) on delete cascade,
  created_at timestamptz not null default now(),
  unique (follower_id, followed_id)
);

create table if not exists public.xp_activities (
  id uuid primary key default gen_random_uuid(),
  profile_id uuid not null references public.profiles(id) on delete cascade,
  accion text not null,
  puntos_ganados integer not null,
  reference_type text,
  reference_id text,
  fecha timestamptz not null default now()
);

create table if not exists public.mission_completions (
  id uuid primary key default gen_random_uuid(),
  mission_id uuid not null references public.missions(id) on delete cascade,
  profile_id uuid not null references public.profiles(id) on delete cascade,
  progress integer not null default 1,
  completed_at timestamptz not null default now(),
  unique (mission_id, profile_id)
);

create table if not exists public.role_codes (
  id bigint generated by default as identity primary key,
  codigo text not null unique,
  rol_asignado public.app_role not null,
  descripcion text,
  activo boolean not null default true
);

create table if not exists public.access_keys (
  id uuid primary key default gen_random_uuid(),
  codigo text not null unique,
  tipo text not null default 'distrito',
  district_id text references public.districts(id) on delete set null,
  estado boolean not null default true
);

create or replace function public.set_updated_at()
returns trigger
language plpgsql
as $$
begin
  new.updated_at = now();
  return new;
end;
$$;

drop trigger if exists set_profiles_updated_at on public.profiles;
create trigger set_profiles_updated_at
before update on public.profiles
for each row
execute function public.set_updated_at();

create or replace function public.initials_from_name(full_name text)
returns text
language sql
immutable
as $$
  select upper(
    left(coalesce(split_part(trim(full_name), ' ', 1), 'U'), 1) ||
    left(coalesce(nullif(split_part(trim(full_name), ' ', 2), ''), split_part(trim(full_name), ' ', 1)), 1)
  );
$$;

create or replace function public.handle_new_user()
returns trigger
language plpgsql
security definer
set search_path = public
as $$
declare
  meta jsonb := coalesce(new.raw_user_meta_data, '{}'::jsonb);
  full_name text := coalesce(meta ->> 'nombre_completo', meta ->> 'name', split_part(new.email, '@', 1));
  assigned_role public.app_role := 'multiplicador';
begin
  if meta ->> 'rol' = 'pastor' and meta ->> 'pastor_access_key' = 'IPUC2026MISION' then
    assigned_role := 'pastor';
  end if;

  insert into public.profiles (
    id,
    nombre,
    nombre_completo,
    email,
    rol,
    region_id,
    district_id,
    congregacion,
    cargo,
    celular,
    whatsapp,
    avatar,
    avatar_color,
    cuenta_activa
  )
  values (
    new.id,
    coalesce(meta ->> 'nombre', split_part(full_name, ' ', 1)),
    full_name,
    new.email,
    assigned_role,
    nullif(meta ->> 'region_id', ''),
    nullif(meta ->> 'district_id', ''),
    nullif(meta ->> 'congregacion', ''),
    nullif(meta ->> 'cargo', ''),
    nullif(meta ->> 'celular', ''),
    nullif(meta ->> 'whatsapp', ''),
    public.initials_from_name(full_name),
    coalesce(nullif(meta ->> 'avatar_color', ''), '#1A237E'),
    true
  )
  on conflict (id) do update
    set email = excluded.email,
        nombre = excluded.nombre,
        nombre_completo = excluded.nombre_completo,
        rol = excluded.rol,
        region_id = excluded.region_id,
        district_id = excluded.district_id,
        congregacion = excluded.congregacion,
        cargo = excluded.cargo,
        celular = excluded.celular,
        whatsapp = excluded.whatsapp;

  insert into public.profile_badges (profile_id, badge_id)
  values (new.id, 'b1')
  on conflict do nothing;

  return new;
end;
$$;

drop trigger if exists on_auth_user_created on auth.users;
create trigger on_auth_user_created
after insert on auth.users
for each row
execute function public.handle_new_user();

create or replace function public.sync_user_email()
returns trigger
language plpgsql
security definer
set search_path = public
as $$
begin
  update public.profiles
  set email = new.email
  where id = new.id;
  return new;
end;
$$;

drop trigger if exists on_auth_user_updated on auth.users;
create trigger on_auth_user_updated
after update of email on auth.users
for each row
execute function public.sync_user_email();

create or replace function public.apply_xp(p_profile_id uuid, p_points integer, p_action text, p_reference_type text default null, p_reference_id text default null)
returns void
language plpgsql
security definer
set search_path = public
as $$
begin
  update public.profiles
  set xp = xp + greatest(p_points, 0)
  where id = p_profile_id;

  insert into public.xp_activities (profile_id, accion, puntos_ganados, reference_type, reference_id)
  values (p_profile_id, p_action, greatest(p_points, 0), p_reference_type, p_reference_id);
end;
$$;

create or replace function public.refresh_profile_badges(p_profile_id uuid)
returns void
language plpgsql
security definer
set search_path = public
as $$
declare
  v_xp integer;
  v_shares integer;
  v_missions integer;
begin
  select xp into v_xp from public.profiles where id = p_profile_id;
  select count(*) into v_shares from public.shares where user_id = p_profile_id;
  select count(*) into v_missions from public.mission_completions where profile_id = p_profile_id;

  if v_shares >= 10 then
    insert into public.profile_badges (profile_id, badge_id) values (p_profile_id, 'b2') on conflict do nothing;
  end if;

  if v_xp >= 1000 then
    insert into public.profile_badges (profile_id, badge_id) values (p_profile_id, 'b4') on conflict do nothing;
  end if;

  if v_missions >= 5 then
    insert into public.profile_badges (profile_id, badge_id) values (p_profile_id, 'b5') on conflict do nothing;
  end if;
end;
$$;

create or replace function public.share_publication(p_publication_id bigint, p_red_social text default 'whatsapp')
returns table(shared_id uuid, xp_ganado integer, publication_shares integer, profile_xp integer)
language plpgsql
security definer
set search_path = public
as $$
declare
  v_user uuid := auth.uid();
  v_exists uuid;
  v_xp integer;
begin
  if v_user is null then
    raise exception 'No authenticated user';
  end if;

  select id into v_exists
  from public.shares
  where publication_id = p_publication_id and user_id = v_user;

  if v_exists is null then
    insert into public.shares (publication_id, user_id, social_network)
    values (p_publication_id, v_user, coalesce(p_red_social, 'whatsapp'))
    returning id into v_exists;

    update public.publications
    set shares_count = shares_count + 1
    where id = p_publication_id
    returning xp_reward into v_xp;

    perform public.apply_xp(v_user, coalesce(v_xp, 0), 'contenido_compartido', 'publication', p_publication_id::text);
    perform public.refresh_profile_badges(v_user);
  else
    select xp_reward into v_xp from public.publications where id = p_publication_id;
    v_xp := 0;
  end if;

  return query
  select
    v_exists,
    coalesce(v_xp, 0),
    (select shares_count from public.publications where id = p_publication_id),
    (select xp from public.profiles where id = v_user);
end;
$$;

create or replace function public.complete_mission_action(p_mission_id uuid)
returns table(completion_id uuid, xp_ganado integer, total_completions integer, profile_xp integer)
language plpgsql
security definer
set search_path = public
as $$
declare
  v_user uuid := auth.uid();
  v_exists uuid;
  v_xp integer;
begin
  if v_user is null then
    raise exception 'No authenticated user';
  end if;

  select id into v_exists
  from public.mission_completions
  where mission_id = p_mission_id and profile_id = v_user;

  if v_exists is null then
    insert into public.mission_completions (mission_id, profile_id)
    values (p_mission_id, v_user)
    returning id into v_exists;

    select xp_reward into v_xp from public.missions where id = p_mission_id;
    perform public.apply_xp(v_user, coalesce(v_xp, 0), 'mision_completada', 'mission', p_mission_id::text);
    perform public.refresh_profile_badges(v_user);
  else
    v_xp := 0;
  end if;

  return query
  select
    v_exists,
    coalesce(v_xp, 0),
    (select count(*)::integer from public.mission_completions where profile_id = v_user),
    (select xp from public.profiles where id = v_user);
end;
$$;

create or replace function public.get_my_activity()
returns table(shared_publication_ids bigint[], completed_mission_ids uuid[])
language sql
security definer
set search_path = public
as $$
  select
    coalesce(array_agg(distinct s.publication_id) filter (where s.publication_id is not null), '{}'::bigint[]) as shared_publication_ids,
    coalesce(array_agg(distinct mc.mission_id) filter (where mc.mission_id is not null), '{}'::uuid[]) as completed_mission_ids
  from public.profiles p
  left join public.shares s on s.user_id = p.id
  left join public.mission_completions mc on mc.profile_id = p.id
  where p.id = auth.uid()
  group by p.id;
$$;

create or replace function public.get_global_metrics()
returns table(
  total_embajadores bigint,
  embajadores_activos bigint,
  contenidos_publicados bigint,
  contenidos_compartidos bigint,
  regiones_conectadas bigint,
  distritos_impactados bigint,
  xp_generado bigint,
  misiones_completadas bigint
)
language sql
security definer
set search_path = public
as $$
  select
    (select count(*) from public.profiles),
    (select count(*) from public.profiles where cuenta_activa),
    (select count(*) from public.publications where active),
    (select coalesce(sum(shares_count), 0) from public.publications),
    (select count(distinct region_id) from public.profiles where region_id is not null),
    (select count(distinct district_id) from public.profiles where district_id is not null),
    (select coalesce(sum(xp), 0) from public.profiles),
    (select count(*) from public.mission_completions);
$$;

create or replace function public.get_schema_metrics()
returns table(
  perfiles_activos bigint,
  publicaciones bigint,
  comunicados_activos bigint,
  congregaciones bigint,
  puntos_blancos bigint,
  compartidos bigint,
  reacciones bigint,
  comentarios bigint,
  xp_registrado bigint
)
language sql
security definer
set search_path = public
as $$
  select
    (select count(*) from public.profiles where cuenta_activa),
    (select count(*) from public.publications),
    (select count(*) from public.publications where active and is_official),
    (select count(*) from public.congregations),
    (select count(*) from public.congregations where es_punto_blanco),
    (select count(*) from public.shares),
    (select count(*) from public.reactions),
    (select count(*) from public.comments),
    (select coalesce(sum(puntos_ganados), 0) from public.xp_activities);
$$;

create or replace function public.get_weekly_activity()
returns table(day text, shares bigint, xp bigint)
language sql
security definer
set search_path = public
as $$
  with days as (
    select generate_series(date_trunc('day', now()) - interval '6 day', date_trunc('day', now()), interval '1 day')::date as d
  )
  select
    to_char(days.d, 'Dy') as day,
    coalesce(count(distinct s.id), 0) as shares,
    coalesce(sum(x.puntos_ganados), 0) as xp
  from days
  left join public.shares s on date_trunc('day', s.created_at)::date = days.d
  left join public.xp_activities x on date_trunc('day', x.fecha)::date = days.d
  group by days.d
  order by days.d;
$$;

create or replace function public.get_region_activity()
returns table(name text, embajadores bigint, compartidos bigint)
language sql
security definer
set search_path = public
as $$
  select
    r.name,
    count(distinct p.id) as embajadores,
    coalesce(count(distinct s.id), 0) as compartidos
  from public.regions r
  left join public.profiles p on p.region_id = r.id
  left join public.shares s on s.user_id = p.id
  group by r.id, r.name
  order by r.name;
$$;

create or replace function public.get_public_ranking(limit_count integer default 3)
returns table(
  id uuid,
  nombre_completo text,
  rol public.app_role,
  xp integer,
  level integer,
  avatar text,
  avatar_color text,
  region_id text,
  region_name text,
  district_id text,
  district_name text
)
language sql
security definer
set search_path = public
as $$
  select
    p.id,
    p.nombre_completo,
    p.rol,
    p.xp,
    p.level,
    p.avatar,
    p.avatar_color,
    p.region_id,
    r.name as region_name,
    p.district_id,
    d.name as district_name
  from public.profiles p
  left join public.regions r on r.id = p.region_id
  left join public.districts d on d.id = p.district_id
  where p.cuenta_activa
  order by p.xp desc, p.created_at asc
  limit greatest(limit_count, 1);
$$;

alter table public.regions enable row level security;
alter table public.districts enable row level security;
alter table public.coordinations enable row level security;
alter table public.congregations enable row level security;
alter table public.badges enable row level security;
alter table public.missions enable row level security;
alter table public.publications enable row level security;
alter table public.profiles enable row level security;
alter table public.profile_badges enable row level security;
alter table public.shares enable row level security;
alter table public.reactions enable row level security;
alter table public.comments enable row level security;
alter table public.followers enable row level security;
alter table public.xp_activities enable row level security;
alter table public.mission_completions enable row level security;
alter table public.role_codes enable row level security;
alter table public.access_keys enable row level security;

drop policy if exists "public read regions" on public.regions;
create policy "public read regions" on public.regions for select using (true);
drop policy if exists "public read districts" on public.districts;
create policy "public read districts" on public.districts for select using (true);
drop policy if exists "public read coordinations" on public.coordinations;
create policy "public read coordinations" on public.coordinations for select using (true);
drop policy if exists "public read congregations" on public.congregations;
create policy "public read congregations" on public.congregations for select using (true);
drop policy if exists "public read badges" on public.badges;
create policy "public read badges" on public.badges for select using (true);
drop policy if exists "public read missions" on public.missions;
create policy "public read missions" on public.missions for select using (active = true);
drop policy if exists "public read publications" on public.publications;
create policy "public read publications" on public.publications for select using (active = true);
drop policy if exists "pastors create publications" on public.publications;
create policy "pastors create publications" on public.publications for insert to authenticated with check (
  author_profile_id = auth.uid()
  and exists (
    select 1
    from public.profiles
    where id = auth.uid()
      and rol in ('admin', 'pastor')
  )
);

drop policy if exists "authenticated read profiles" on public.profiles;
create policy "authenticated read profiles" on public.profiles for select to authenticated using (true);
drop policy if exists "users insert own profile" on public.profiles;
create policy "users insert own profile" on public.profiles for insert to authenticated with check (auth.uid() = id);
drop policy if exists "users update own profile" on public.profiles;
create policy "users update own profile" on public.profiles for update to authenticated using (auth.uid() = id) with check (auth.uid() = id);

drop policy if exists "authenticated read profile badges" on public.profile_badges;
create policy "authenticated read profile badges" on public.profile_badges for select to authenticated using (true);

drop policy if exists "authenticated read shares" on public.shares;
create policy "authenticated read shares" on public.shares for select to authenticated using (true);
drop policy if exists "users insert own shares" on public.shares;
create policy "users insert own shares" on public.shares for insert to authenticated with check (auth.uid() = user_id);

drop policy if exists "authenticated read reactions" on public.reactions;
create policy "authenticated read reactions" on public.reactions for select to authenticated using (true);
drop policy if exists "authenticated read comments" on public.comments;
create policy "authenticated read comments" on public.comments for select to authenticated using (true);
drop policy if exists "authenticated read followers" on public.followers;
create policy "authenticated read followers" on public.followers for select to authenticated using (true);
drop policy if exists "authenticated read xp activities" on public.xp_activities;
create policy "authenticated read xp activities" on public.xp_activities for select to authenticated using (auth.uid() = profile_id);
drop policy if exists "authenticated read mission completions" on public.mission_completions;
create policy "authenticated read mission completions" on public.mission_completions for select to authenticated using (true);
drop policy if exists "users insert own mission completions" on public.mission_completions;
create policy "users insert own mission completions" on public.mission_completions for insert to authenticated with check (auth.uid() = profile_id);

drop policy if exists "admins manage role codes" on public.role_codes;
create policy "admins manage role codes" on public.role_codes for all to authenticated using (exists (select 1 from public.profiles where id = auth.uid() and rol = 'admin')) with check (exists (select 1 from public.profiles where id = auth.uid() and rol = 'admin'));
drop policy if exists "admins manage access keys" on public.access_keys;
create policy "admins manage access keys" on public.access_keys for all to authenticated using (exists (select 1 from public.profiles where id = auth.uid() and rol = 'admin')) with check (exists (select 1 from public.profiles where id = auth.uid() and rol = 'admin'));

grant execute on function public.get_global_metrics() to anon, authenticated;
grant execute on function public.get_schema_metrics() to anon, authenticated;
grant execute on function public.get_weekly_activity() to anon, authenticated;
grant execute on function public.get_region_activity() to anon, authenticated;
grant execute on function public.get_public_ranking(integer) to anon, authenticated;
grant execute on function public.get_my_activity() to authenticated;
grant execute on function public.share_publication(bigint, text) to authenticated;
grant execute on function public.complete_mission_action(uuid) to authenticated;

insert into public.regions (id, name, color) values
  ('r1', 'Andina', '#1A237E'),
  ('r2', 'Caribe', '#283593'),
  ('r3', 'Pacífica', '#3949AB'),
  ('r4', 'Orinoquía', '#5C6BC0'),
  ('r5', 'Amazonía', '#7986CB')
on conflict (id) do update set name = excluded.name, color = excluded.color;

insert into public.districts (id, region_id, name) values
  ('d1', 'r1', 'Distrito 1'),
  ('d2', 'r1', 'Distrito 2'),
  ('d3', 'r1', 'Distrito 3'),
  ('d4', 'r1', 'Distrito 4'),
  ('d5', 'r1', 'Distrito 5'),
  ('d6', 'r1', 'Distrito 6'),
  ('d7', 'r1', 'Distrito 7'),
  ('d8', 'r2', 'Distrito 8'),
  ('d9', 'r2', 'Distrito 9'),
  ('d10', 'r2', 'Distrito 10'),
  ('d11', 'r2', 'Distrito 11'),
  ('d12', 'r2', 'Distrito 12'),
  ('d13', 'r2', 'Distrito 13'),
  ('d14', 'r2', 'Distrito 14'),
  ('d15', 'r3', 'Distrito 15'),
  ('d16', 'r3', 'Distrito 16'),
  ('d17', 'r3', 'Distrito 17'),
  ('d18', 'r3', 'Distrito 18'),
  ('d19', 'r3', 'Distrito 19'),
  ('d20', 'r3', 'Distrito 20'),
  ('d21', 'r3', 'Distrito 21'),
  ('d22', 'r4', 'Distrito 22'),
  ('d23', 'r4', 'Distrito 23'),
  ('d24', 'r4', 'Distrito 24'),
  ('d25', 'r4', 'Distrito 25'),
  ('d26', 'r4', 'Distrito 26'),
  ('d27', 'r4', 'Distrito 27'),
  ('d28', 'r4', 'Distrito 28'),
  ('d29', 'r5', 'Distrito 29'),
  ('d30', 'r5', 'Distrito 30'),
  ('d31', 'r5', 'Distrito 31'),
  ('d32', 'r5', 'Distrito 32'),
  ('d33', 'r5', 'Distrito 33'),
  ('d34', 'r5', 'Distrito 34'),
  ('d35', 'r5', 'Distrito 35')
on conflict (id) do update set region_id = excluded.region_id, name = excluded.name;

delete from public.regions where id = 'r6' and name = 'Insular';

insert into public.coordinations (id, name, icon, color, members_count, active) values
  ('c1', 'Evangelismo Estudiantil', 'GraduationCap', '#1A237E', 842, true),
  ('c2', 'Hospitalaria', 'HeartPulse', '#5C1800', 315, true),
  ('c3', 'Evangelismo Carcelario', 'Scale', '#283593', 228, true),
  ('c4', 'Asuntos Étnicos', 'Leaf', '#2E7D32', 520, true),
  ('c5', 'Grupos Especiales', 'Heart', '#6A1B9A', 267, true),
  ('c6', 'Evangelismo en Medios de Comunicación', 'Radio', '#E65100', 531, true),
  ('c7', 'Estadísticas', 'BarChart3', '#00838F', 184, true),
  ('c8', 'Capacitación Misionera', 'BookOpenCheck', '#AD1457', 412, true),
  ('c9', 'Evangelismo Nacional', 'Map', '#0B5D91', 760, true),
  ('c10', 'Instituciones Públicas', 'Landmark', '#8B5CF6', 236, true),
  ('c11', 'Restauración Espiritual', 'RefreshCw', '#16A34A', 305, true),
  ('c12', 'Población Sorda, Ciega y Sordociega', 'HandHeart', '#C2410C', 148, true)
on conflict (id) do update set name = excluded.name, icon = excluded.icon, color = excluded.color, members_count = excluded.members_count, active = excluded.active;

insert into public.congregations (id, region_id, district_id, nombre, direccion, latitud, longitud, descripcion, redes_sociales, es_punto_blanco, portada_url) values
  (101, 'r3', 'd5', 'Bogotá Centro Vivo', 'Carrera 13 #32-45', 4.609710, -74.081750, 'Congregación urbana con equipos activos de medios y juventud.', '{"instagram":"@misionesbogotacentro","facebook":"Misiones Bogotá Centro"}'::jsonb, false, 'https://images.unsplash.com/photo-1518005020951-eccb494ad742?w=1200&q=75'),
  (102, 'r2', 'd3', 'Medellín Luz y Vida', 'Calle 50 #48-22', 6.244200, -75.581200, 'Base regional para equipos de evangelismo estudiantil.', '{"instagram":"@misionesmedellinlv"}'::jsonb, false, 'https://images.unsplash.com/photo-1486406146926-c627a92ad1ab?w=1200&q=75'),
  (103, 'r1', 'd1', 'Barranquilla Nueva Esperanza', 'Calle 72 #43-18', 10.987800, -74.788900, 'Equipo de alcance territorial en barrios y universidades.', '{"facebook":"Misiones Nueva Esperanza"}'::jsonb, true, 'https://images.unsplash.com/photo-1494526585095-c41746248156?w=1200&q=75'),
  (104, 'r4', 'd7', 'Cali Maranatha', 'Avenida 6N #23-15', 3.451600, -76.532000, 'Congregación pastoral con multiplicadores en formación.', '{"instagram":"@misionescalimaranatha"}'::jsonb, false, 'https://images.unsplash.com/photo-1511818966892-d7d671e672a2?w=1200&q=75'),
  (105, 'r3', 'd6', 'Bogotá Sur Bendición', 'Calle 42 Sur #18-10', 4.570900, -74.117000, 'Punto de movilización digital para campañas metropolitanas.', '{"instagram":"@misionesbogotasur"}'::jsonb, true, 'https://images.unsplash.com/photo-1480714378408-67cf0d13bc1f?w=1200&q=75'),
  (106, 'r2', 'd4', 'Antioquia Esperanza Viva', 'Carrera 45 #77-20', 6.291400, -75.536100, 'Red de apoyo para campañas rurales y digitales.', '{"facebook":"Misiones Antioquia Esperanza Viva"}'::jsonb, false, 'https://images.unsplash.com/photo-1500530855697-b586d89ba3ee?w=1200&q=75'),
  (107, 'r1', 'd2', 'Cartagena Misión', 'Calle 30 #17-50', 10.391000, -75.479400, 'Congregación conectada a frentes de evangelismo turístico y social.', '{"instagram":"@misionescartagenamision"}'::jsonb, false, 'https://images.unsplash.com/photo-1507525428034-b723cf961d3e?w=1200&q=75'),
  (108, 'r3', 'd5', 'Misiones Nacionales', 'Sede nacional', 4.648300, -74.096200, 'Equipo nacional de coordinación y contenido oficial.', '{"instagram":"@misionesnacionales","facebook":"Misiones Nacionales"}'::jsonb, false, '/hero-map.png')
on conflict (id) do update set
  region_id = excluded.region_id,
  district_id = excluded.district_id,
  nombre = excluded.nombre,
  direccion = excluded.direccion,
  latitud = excluded.latitud,
  longitud = excluded.longitud,
  descripcion = excluded.descripcion,
  redes_sociales = excluded.redes_sociales,
  es_punto_blanco = excluded.es_punto_blanco,
  portada_url = excluded.portada_url;

select setval(pg_get_serial_sequence('public.congregations', 'id'), greatest((select max(id) from public.congregations), 108), true);

insert into public.badges (id, name, icon, description, xp, color) values
  ('b1', 'Primer Paso', 'Sprout', 'Compartiste tu primer contenido', 50, '#22c55e'),
  ('b2', 'Multiplicador', 'Zap', 'Compartiste 10 contenidos', 200, '#D4AF37'),
  ('b3', 'Embajador Activo', 'Medal', 'Mantuviste racha de 7 días', 500, '#1A237E'),
  ('b4', 'Voz Nacional', 'Megaphone', 'Llegaste a 1000 XP', 1000, '#D4AF37'),
  ('b5', 'Misionero Digital', 'Globe', 'Completaste 5 misiones', 750, '#5C1800'),
  ('b6', 'Llama de Fuego', 'Flame', 'Top 10 del ranking nacional', 2000, '#E65100'),
  ('b7', 'Columna de Luz', 'Sparkles', 'Racha de 30 días', 3000, '#7986CB'),
  ('b8', 'Pionero Nacional', 'Crown', 'Nivel 10 alcanzado', 5000, '#D4AF37')
on conflict (id) do update set name = excluded.name, icon = excluded.icon, description = excluded.description, xp = excluded.xp, color = excluded.color;

insert into public.missions (id, type, title, description, xp_reward, goal, unit, icon, default_status, default_progress, active, order_index) values
  ('11111111-aaaa-4111-8111-111111111111', 'daily', 'Primera Misión del Día', 'Comparte 1 contenido oficial hoy', 50, 1, 'contenidos', 'Zap', 'completed', 1, true, 1),
  ('22222222-aaaa-4222-8222-222222222222', 'daily', 'Mensajero Activo', 'Comparte 3 contenidos hoy', 120, 3, 'contenidos', 'Megaphone', 'in_progress', 1, true, 2),
  ('33333333-aaaa-4333-8333-333333333333', 'daily', 'Perfil Completo', 'Completa tu información de perfil', 80, 1, 'pasos', 'UserCheck', 'pending', 0, true, 3),
  ('44444444-aaaa-4444-8444-444444444444', 'weekly', 'Semana de Impacto', 'Comparte 10 contenidos esta semana', 500, 10, 'contenidos', 'Trophy', 'in_progress', 4, true, 4),
  ('55555555-aaaa-4555-8555-555555555555', 'weekly', 'Racha Semanal', 'Mantén racha de 5 días seguidos', 300, 5, 'días', 'Flame', 'in_progress', 3, true, 5),
  ('66666666-aaaa-4666-8666-666666666666', 'weekly', 'Campaña Temática', 'Participa en la campaña de la semana', 400, 1, 'campañas', 'Megaphone', 'pending', 0, true, 6),
  ('77777777-aaaa-4777-8777-777777777777', 'special', 'Voz del Movimiento', 'Sube al Top 50 del ranking nacional', 1000, 1, 'logro', 'Crown', 'locked', 0, true, 7)
on conflict (id) do update set
  type = excluded.type,
  title = excluded.title,
  description = excluded.description,
  xp_reward = excluded.xp_reward,
  goal = excluded.goal,
  unit = excluded.unit,
  icon = excluded.icon,
  default_status = excluded.default_status,
  default_progress = excluded.default_progress,
  active = excluded.active,
  order_index = excluded.order_index;

insert into public.publications (id, author_profile_id, coordination_id, title, description, category, format, featured, xp_reward, shares_count, likes_count, copy_text, media_url, active, is_official, created_at, published_at) values
  (1, null, 'c9', '¡Colombia se está transformando!', 'Misiones Nacionales está llegando a los rincones más alejados de Colombia.', 'Testimonio', 'texto', true, 50, 0, 3892, 'Misiones Nacionales está llevando esperanza a cada rincón de nuestra nación. #SomosMisiónColombia #MisionesNacionales', 'https://images.unsplash.com/photo-1506905925346-21bda4d32df4?w=800&q=75', true, true, '2024-05-01T10:00:00Z', '2024-05-01T10:00:00Z'),
  (2, null, 'c1', 'Campaña: Estudiantes con Misión 2024', 'El evangelismo estudiantil llega a 200 universidades colombianas. Comparte y suma al movimiento.', 'Campaña', 'imagen', true, 75, 0, 2341, 'El evangelismo estudiantil llega a 200 universidades colombianas. #EstudiantesConMisión', 'https://images.unsplash.com/photo-1523240795612-9a054b0db644?w=800&q=75', true, true, '2024-05-03T10:00:00Z', '2024-05-03T10:00:00Z'),
  (3, null, 'c2', 'Ministerio en Hospitales: Fe que Sana', 'Nuestros equipos hospitalarios visitaron 45 hospitales en Colombia este mes.', 'Impacto', 'video', false, 60, 0, 1876, 'Los equipos hospitalarios visitaron 45 hospitales este mes. #FeMisiónNacional', 'https://images.unsplash.com/photo-1576091160399-112ba8d25d1d?w=800&q=75', true, true, '2024-05-05T10:00:00Z', '2024-05-05T10:00:00Z'),
  (4, null, 'c4', 'Asuntos Étnicos: El Evangelio en Amazonía', 'Equipos misioneros acompañan comunidades indígenas, afrocolombianas, raizales, palenqueras y pueblo Rom.', 'Hito', 'texto', true, 100, 0, 5421, 'El evangelio avanza entre comunidades étnicas con respeto, acompañamiento y presencia territorial. #AsuntosÉtnicos #SomosMisiónColombia', 'https://images.unsplash.com/photo-1448375240586-882707db888b?w=800&q=75', true, true, '2024-05-07T10:00:00Z', '2024-05-07T10:00:00Z'),
  (5, null, 'c8', 'Capacitación Misionera: obreros listos', 'La formación misionera prepara líderes para contextos urbanos, rurales y transculturales.', 'Campaña', 'carrusel', true, 80, 0, 8934, 'Obreros listos para servir en cada contexto. La capacitación misionera fortalece la visión nacional. #CapacitaciónMisionera', 'https://images.unsplash.com/photo-1522202176988-66273c2fd55f?w=800&q=75', true, true, '2024-05-08T10:00:00Z', '2024-05-08T10:00:00Z'),
  (6, null, 'c3', 'Ministerio Carcelario en 2024', 'Más de 80 centros penitenciarios están siendo alcanzados por el evangelio cada domingo.', 'Impacto', 'imagen', false, 55, 0, 987, '80 centros penitenciarios alcanzados. La libertad espiritual no tiene muros. #MisiónCarcelaria', 'https://images.unsplash.com/photo-1585776245991-cf89dd7fc73a?w=800&q=75', true, true, '2024-05-09T10:00:00Z', '2024-05-09T10:00:00Z')
on conflict (id) do update set
  coordination_id = excluded.coordination_id,
  title = excluded.title,
  description = excluded.description,
  category = excluded.category,
  format = excluded.format,
  featured = excluded.featured,
  xp_reward = excluded.xp_reward,
  likes_count = excluded.likes_count,
  copy_text = excluded.copy_text,
  media_url = excluded.media_url,
  active = excluded.active,
  is_official = excluded.is_official,
  created_at = excluded.created_at,
  published_at = excluded.published_at;

select setval(pg_get_serial_sequence('public.publications', 'id'), greatest((select max(id) from public.publications), 6), true);

delete from public.role_codes where codigo = 'MISION2026NACIONAL';

insert into public.role_codes (codigo, rol_asignado, descripcion, activo) values
  ('MISION-ADMIN-2026', 'admin', 'Acceso equipo nacional', true),
  ('IPUC2026MISION', 'pastor', 'Acceso Pastor/Directivo temporal', true),
  ('MISION-MULT-2026', 'multiplicador', 'Registro de embajadores digitales', true)
on conflict (codigo) do update set rol_asignado = excluded.rol_asignado, descripcion = excluded.descripcion, activo = excluded.activo;

insert into public.access_keys (codigo, tipo, district_id, estado) values
  ('BGTA-CENTRO', 'distrito', 'd5', true),
  ('CALI-NORTE', 'distrito', 'd7', true),
  ('CARTAGENA', 'distrito', 'd2', true)
on conflict (codigo) do update set tipo = excluded.tipo, district_id = excluded.district_id, estado = excluded.estado;
